PRAGMA foreign_keys=OFF;
BEGIN TRANSACTION;
CREATE TABLE IF NOT EXISTS "django_migrations" ("id" integer NOT NULL PRIMARY KEY AUTOINCREMENT, "app" varchar(255) NOT NULL, "name" varchar(255) NOT NULL, "applied" datetime NOT NULL);
INSERT INTO django_migrations VALUES(1,'contenttypes','0001_initial','2024-05-20 05:26:30.680708');
INSERT INTO django_migrations VALUES(2,'auth','0001_initial','2024-05-20 05:26:30.856663');
INSERT INTO django_migrations VALUES(3,'admin','0001_initial','2024-05-20 05:26:31.030322');
INSERT INTO django_migrations VALUES(4,'admin','0002_logentry_remove_auto_add','2024-05-20 05:26:31.124131');
INSERT INTO django_migrations VALUES(5,'admin','0003_logentry_add_action_flag_choices','2024-05-20 05:26:31.227555');
INSERT INTO django_migrations VALUES(6,'contenttypes','0002_remove_content_type_name','2024-05-20 05:26:31.374628');
INSERT INTO django_migrations VALUES(7,'auth','0002_alter_permission_name_max_length','2024-05-20 05:26:31.504847');
INSERT INTO django_migrations VALUES(8,'auth','0003_alter_user_email_max_length','2024-05-20 05:26:31.598305');
INSERT INTO django_migrations VALUES(9,'auth','0004_alter_user_username_opts','2024-05-20 05:26:31.688243');
INSERT INTO django_migrations VALUES(10,'auth','0005_alter_user_last_login_null','2024-05-20 05:26:31.776945');
INSERT INTO django_migrations VALUES(11,'auth','0006_require_contenttypes_0002','2024-05-20 05:26:31.852209');
INSERT INTO django_migrations VALUES(12,'auth','0007_alter_validators_add_error_messages','2024-05-20 05:26:31.930832');
INSERT INTO django_migrations VALUES(13,'auth','0008_alter_user_username_max_length','2024-05-20 05:26:32.021218');
INSERT INTO django_migrations VALUES(14,'auth','0009_alter_user_last_name_max_length','2024-05-20 05:26:32.115152');
INSERT INTO django_migrations VALUES(15,'auth','0010_alter_group_name_max_length','2024-05-20 05:26:32.202004');
INSERT INTO django_migrations VALUES(16,'auth','0011_update_proxy_permissions','2024-05-20 05:26:32.312497');
INSERT INTO django_migrations VALUES(17,'auth','0012_alter_user_first_name_max_length','2024-05-20 05:26:32.413274');
INSERT INTO django_migrations VALUES(18,'sessions','0001_initial','2024-05-20 05:26:32.573579');
INSERT INTO django_migrations VALUES(19,'user','0001_initial','2024-05-20 05:26:32.650654');
INSERT INTO django_migrations VALUES(20,'product','0001_initial','2024-05-26 05:03:31.716908');
INSERT INTO django_migrations VALUES(21,'product','0002_alter_product_imagen','2024-05-28 05:51:29.864121');
CREATE TABLE IF NOT EXISTS "auth_group_permissions" ("id" integer NOT NULL PRIMARY KEY AUTOINCREMENT, "group_id" integer NOT NULL REFERENCES "auth_group" ("id") DEFERRABLE INITIALLY DEFERRED, "permission_id" integer NOT NULL REFERENCES "auth_permission" ("id") DEFERRABLE INITIALLY DEFERRED);
CREATE TABLE IF NOT EXISTS "auth_user_groups" ("id" integer NOT NULL PRIMARY KEY AUTOINCREMENT, "user_id" integer NOT NULL REFERENCES "auth_user" ("id") DEFERRABLE INITIALLY DEFERRED, "group_id" integer NOT NULL REFERENCES "auth_group" ("id") DEFERRABLE INITIALLY DEFERRED);
CREATE TABLE IF NOT EXISTS "auth_user_user_permissions" ("id" integer NOT NULL PRIMARY KEY AUTOINCREMENT, "user_id" integer NOT NULL REFERENCES "auth_user" ("id") DEFERRABLE INITIALLY DEFERRED, "permission_id" integer NOT NULL REFERENCES "auth_permission" ("id") DEFERRABLE INITIALLY DEFERRED);
CREATE TABLE IF NOT EXISTS "django_admin_log" ("id" integer NOT NULL PRIMARY KEY AUTOINCREMENT, "object_id" text NULL, "object_repr" varchar(200) NOT NULL, "action_flag" smallint unsigned NOT NULL CHECK ("action_flag" >= 0), "change_message" text NOT NULL, "content_type_id" integer NULL REFERENCES "django_content_type" ("id") DEFERRABLE INITIALLY DEFERRED, "user_id" integer NOT NULL REFERENCES "auth_user" ("id") DEFERRABLE INITIALLY DEFERRED, "action_time" datetime NOT NULL);
INSERT INTO django_admin_log VALUES(1,'1','juguete',1,'[{"added": {}}]',8,1,'2024-05-26 05:15:11.605879');
INSERT INTO django_admin_log VALUES(2,'1','User object (1)',2,'[{"changed": {"fields": ["Is editor"]}}]',7,1,'2024-05-26 05:15:56.838339');
INSERT INTO django_admin_log VALUES(3,'1','User object (1)',2,'[]',7,1,'2024-05-26 05:15:57.957227');
INSERT INTO django_admin_log VALUES(4,'1','julio',1,'[{"added": {}}]',9,1,'2024-05-26 05:27:36.527062');
INSERT INTO django_admin_log VALUES(5,'1','julio',2,'[{"changed": {"fields": ["Imagen"]}}]',9,1,'2024-05-28 05:05:31.110486');
INSERT INTO django_admin_log VALUES(6,'2','sombreros',1,'[{"added": {}}]',8,1,'2024-05-28 05:47:11.404559');
INSERT INTO django_admin_log VALUES(7,'3','llaveros',1,'[{"added": {}}]',8,1,'2024-05-28 05:47:19.409083');
INSERT INTO django_admin_log VALUES(8,'2','sombreros',2,'[]',8,1,'2024-05-28 05:47:31.173866');
INSERT INTO django_admin_log VALUES(9,'4','ropa',1,'[{"added": {}}]',8,1,'2024-05-28 05:47:41.171121');
INSERT INTO django_admin_log VALUES(10,'5','accesorios',1,'[{"added": {}}]',8,1,'2024-05-28 05:48:02.547769');
INSERT INTO django_admin_log VALUES(11,'3','llaveros',3,'',8,1,'2024-05-28 05:48:13.802479');
INSERT INTO django_admin_log VALUES(12,'2','barquito de totora',1,'[{"added": {}}]',9,1,'2024-05-28 05:52:58.148213');
INSERT INTO django_admin_log VALUES(13,'3','sombrero blanco de lana',1,'[{"added": {}}]',9,1,'2024-05-28 05:54:54.438961');
INSERT INTO django_admin_log VALUES(14,'4','sombrero tejito',1,'[{"added": {}}]',9,1,'2024-05-28 05:55:34.793436');
INSERT INTO django_admin_log VALUES(15,'5','atrapasueños',1,'[{"added": {}}]',9,1,'2024-05-28 05:56:40.734784');
INSERT INTO django_admin_log VALUES(16,'6','alpaca fashion',1,'[{"added": {}}]',9,1,'2024-05-28 05:58:20.230721');
INSERT INTO django_admin_log VALUES(17,'7','alpaca miniatura',1,'[{"added": {}}]',9,1,'2024-05-28 05:58:57.441659');
INSERT INTO django_admin_log VALUES(18,'8','chompas de lana de llama',1,'[{"added": {}}]',9,1,'2024-05-28 06:00:13.753684');
INSERT INTO django_admin_log VALUES(19,'9','sombrero turista',1,'[{"added": {}}]',9,1,'2024-05-28 06:00:51.299289');
INSERT INTO django_admin_log VALUES(20,'10','llaveritos altiplanicos',1,'[{"added": {}}]',9,1,'2024-05-28 06:02:50.935790');
INSERT INTO django_admin_log VALUES(21,'11','Chompa de lana',1,'[{"added": {}}]',9,1,'2024-05-28 06:04:08.856523');
CREATE TABLE IF NOT EXISTS "django_content_type" ("id" integer NOT NULL PRIMARY KEY AUTOINCREMENT, "app_label" varchar(100) NOT NULL, "model" varchar(100) NOT NULL);
INSERT INTO django_content_type VALUES(1,'admin','logentry');
INSERT INTO django_content_type VALUES(2,'auth','permission');
INSERT INTO django_content_type VALUES(3,'auth','group');
INSERT INTO django_content_type VALUES(4,'auth','user');
INSERT INTO django_content_type VALUES(5,'contenttypes','contenttype');
INSERT INTO django_content_type VALUES(6,'sessions','session');
INSERT INTO django_content_type VALUES(7,'user','user');
INSERT INTO django_content_type VALUES(8,'product','category');
INSERT INTO django_content_type VALUES(9,'product','product');
CREATE TABLE IF NOT EXISTS "auth_permission" ("id" integer NOT NULL PRIMARY KEY AUTOINCREMENT, "content_type_id" integer NOT NULL REFERENCES "django_content_type" ("id") DEFERRABLE INITIALLY DEFERRED, "codename" varchar(100) NOT NULL, "name" varchar(255) NOT NULL);
INSERT INTO auth_permission VALUES(1,1,'add_logentry','Can add log entry');
INSERT INTO auth_permission VALUES(2,1,'change_logentry','Can change log entry');
INSERT INTO auth_permission VALUES(3,1,'delete_logentry','Can delete log entry');
INSERT INTO auth_permission VALUES(4,1,'view_logentry','Can view log entry');
INSERT INTO auth_permission VALUES(5,2,'add_permission','Can add permission');
INSERT INTO auth_permission VALUES(6,2,'change_permission','Can change permission');
INSERT INTO auth_permission VALUES(7,2,'delete_permission','Can delete permission');
INSERT INTO auth_permission VALUES(8,2,'view_permission','Can view permission');
INSERT INTO auth_permission VALUES(9,3,'add_group','Can add group');
INSERT INTO auth_permission VALUES(10,3,'change_group','Can change group');
INSERT INTO auth_permission VALUES(11,3,'delete_group','Can delete group');
INSERT INTO auth_permission VALUES(12,3,'view_group','Can view group');
INSERT INTO auth_permission VALUES(13,4,'add_user','Can add user');
INSERT INTO auth_permission VALUES(14,4,'change_user','Can change user');
INSERT INTO auth_permission VALUES(15,4,'delete_user','Can delete user');
INSERT INTO auth_permission VALUES(16,4,'view_user','Can view user');
INSERT INTO auth_permission VALUES(17,5,'add_contenttype','Can add content type');
INSERT INTO auth_permission VALUES(18,5,'change_contenttype','Can change content type');
INSERT INTO auth_permission VALUES(19,5,'delete_contenttype','Can delete content type');
INSERT INTO auth_permission VALUES(20,5,'view_contenttype','Can view content type');
INSERT INTO auth_permission VALUES(21,6,'add_session','Can add session');
INSERT INTO auth_permission VALUES(22,6,'change_session','Can change session');
INSERT INTO auth_permission VALUES(23,6,'delete_session','Can delete session');
INSERT INTO auth_permission VALUES(24,6,'view_session','Can view session');
INSERT INTO auth_permission VALUES(25,7,'add_user','Can add user');
INSERT INTO auth_permission VALUES(26,7,'change_user','Can change user');
INSERT INTO auth_permission VALUES(27,7,'delete_user','Can delete user');
INSERT INTO auth_permission VALUES(28,7,'view_user','Can view user');
INSERT INTO auth_permission VALUES(29,8,'add_category','Can add category');
INSERT INTO auth_permission VALUES(30,8,'change_category','Can change category');
INSERT INTO auth_permission VALUES(31,8,'delete_category','Can delete category');
INSERT INTO auth_permission VALUES(32,8,'view_category','Can view category');
INSERT INTO auth_permission VALUES(33,9,'add_product','Can add product');
INSERT INTO auth_permission VALUES(34,9,'change_product','Can change product');
INSERT INTO auth_permission VALUES(35,9,'delete_product','Can delete product');
INSERT INTO auth_permission VALUES(36,9,'view_product','Can view product');
CREATE TABLE IF NOT EXISTS "auth_group" ("id" integer NOT NULL PRIMARY KEY AUTOINCREMENT, "name" varchar(150) NOT NULL UNIQUE);
CREATE TABLE IF NOT EXISTS "auth_user" ("id" integer NOT NULL PRIMARY KEY AUTOINCREMENT, "password" varchar(128) NOT NULL, "last_login" datetime NULL, "is_superuser" bool NOT NULL, "username" varchar(150) NOT NULL UNIQUE, "last_name" varchar(150) NOT NULL, "email" varchar(254) NOT NULL, "is_staff" bool NOT NULL, "is_active" bool NOT NULL, "date_joined" datetime NOT NULL, "first_name" varchar(150) NOT NULL);
INSERT INTO auth_user VALUES(1,'pbkdf2_sha256$720000$MnD3OAM2mx8diMhNSlCmCV$6rq+v0aeNw8WbWHxKB5Gy7yrjjoJtDVylxlRQrFMKMU=','2024-06-09 00:47:34.281371',1,'rene','','rene@gmail.com',1,1,'2024-05-26 05:05:05.863079','');
CREATE TABLE IF NOT EXISTS "django_session" ("session_key" varchar(40) NOT NULL PRIMARY KEY, "session_data" text NOT NULL, "expire_date" datetime NOT NULL);
INSERT INTO django_session VALUES('bkl4674dhleb6hp0c3t1y6kmfeqf6tir','.eJxVjEEOwiAQRe_C2pACwoBL9z0DGZhBqoYmpV0Z765NutDtf-_9l4i4rTVunZc4kbgIJU6_W8L84LYDumO7zTLPbV2mJHdFHrTLcSZ-Xg_376Bir9_aFjWQ11xUKCFDGIAMEVuGjNaAVg5QFw7AOqizd6jQgyvaJ2OKTUG8P-bgN8Q:1sB64H:KgHamyjvNw6lVvsp8B08U9fA0kfRZkf0v8qWgwEQfVo','2024-06-09 05:05:13.949368');
INSERT INTO django_session VALUES('4iu7ntnemwhgrk3gpy4nm9g6h3kbqnj5','.eJxVjEEOwiAQRe_C2pACwoBL9z0DGZhBqoYmpV0Z765NutDtf-_9l4i4rTVunZc4kbgIJU6_W8L84LYDumO7zTLPbV2mJHdFHrTLcSZ-Xg_376Bir9_aFjWQ11xUKCFDGIAMEVuGjNaAVg5QFw7AOqizd6jQgyvaJ2OKTUG8P-bgN8Q:1sBnyL:JT03-YLXvxNT52QtIlGgsICX2ngapMYtUgR7oRi_7dU','2024-06-11 03:58:01.967499');
INSERT INTO django_session VALUES('z4hxxylj1vwcgsj5xt19k7indgktbspf','.eJxVjEEOwiAQRe_C2pACwoBL9z0DGZhBqoYmpV0Z765NutDtf-_9l4i4rTVunZc4kbgIJU6_W8L84LYDumO7zTLPbV2mJHdFHrTLcSZ-Xg_376Bir9_aFjWQ11xUKCFDGIAMEVuGjNaAVg5QFw7AOqizd6jQgyvaJ2OKTUG8P-bgN8Q:1sBoS1:OAtJvRO9sA1ftXFKrzG2r02IkCi4EiN9fzdq8742Zu0','2024-06-11 04:28:41.778029');
INSERT INTO django_session VALUES('5e80rysltuk7vadb568aymbomw7faq1a','.eJxVjEEOwiAQRe_C2pACwoBL9z0DGZhBqoYmpV0Z765NutDtf-_9l4i4rTVunZc4kbgIJU6_W8L84LYDumO7zTLPbV2mJHdFHrTLcSZ-Xg_376Bir9_aFjWQ11xUKCFDGIAMEVuGjNaAVg5QFw7AOqizd6jQgyvaJ2OKTUG8P-bgN8Q:1sG6ic:LlWQVONKV_52GTatFjZDJpHoPFoivjmAzLByx74NqTI','2024-06-23 00:47:34.364535');
CREATE TABLE IF NOT EXISTS "user_user" ("id" integer NOT NULL PRIMARY KEY AUTOINCREMENT, "Name" varchar(50) NOT NULL, "LastName" varchar(50) NOT NULL, "Email" varchar(50) NOT NULL, "Password" varchar(255) NOT NULL, "is_editor" bool NOT NULL);
INSERT INTO user_user VALUES(1,'Juan','Perez','juan@example.com','contraseña_segura',1);
INSERT INTO user_user VALUES(2,'julio','julio','julio@gmail.com','julio123',0);
CREATE TABLE IF NOT EXISTS "product_category" ("id" integer NOT NULL PRIMARY KEY AUTOINCREMENT, "name" varchar(50) NOT NULL);
INSERT INTO product_category VALUES(1,'juguete');
INSERT INTO product_category VALUES(2,'sombreros');
INSERT INTO product_category VALUES(4,'ropa');
INSERT INTO product_category VALUES(5,'accesorios');
CREATE TABLE IF NOT EXISTS "product_product" ("id" integer NOT NULL PRIMARY KEY AUTOINCREMENT, "productoNombre" varchar(100) NOT NULL, "precio" decimal NOT NULL, "descripcion" text NOT NULL, "Category_id" bigint NOT NULL REFERENCES "product_category" ("id") DEFERRABLE INITIALLY DEFERRED, "proveedor_id_id" bigint NOT NULL REFERENCES "user_user" ("id") DEFERRABLE INITIALLY DEFERRED, "imagen" varchar(255) NOT NULL);
INSERT INTO product_product VALUES(1,'julio',2,'jfajakfa',1,1,'https://i.imgur.com/8CAIwha.jpg');
INSERT INTO product_product VALUES(2,'barquito de totora',25,'el barquito de totora esta hecho a base de totora, es un jugute que te puedes llevar de recordatorio',1,1,'https://i.ibb.co/CbN4mt0/406c928c-5d98-482e-a9b4-38d3be85820e.jpg');
INSERT INTO product_product VALUES(3,'sombrero blanco de lana',65,'gorra o sombrero de lana de alpaca',2,1,'https://i.ibb.co/bQWsyr0/46b7f471-d66a-4757-930b-99c4e9e4cb87.jpg');
INSERT INTO product_product VALUES(4,'sombrero tejito',30,'sombrero tejido de lana multicolores',2,1,'https://i.ibb.co/9gFp5tR/a3b795f0-b147-47f0-bd21-5512360fd638.jpg');
INSERT INTO product_product VALUES(5,'atrapasueños',10,'accesorio mediano de 3 colores atrapasueño de plumas.',5,1,'https://i.ibb.co/h1mwKg4/2588c1b5-9713-4344-b2a6-92c994ec0878.jpg');
INSERT INTO product_product VALUES(6,'alpaca fashion',15,'para divertirte en todo momento',1,1,'https://i.ibb.co/mHKC7rT/0649614f-0ead-430a-8673-3f6a8a414874.jpg');
INSERT INTO product_product VALUES(7,'alpaca miniatura',35,'accesorio de alpaca decorativa hecha con trasos lana de alpaca',5,1,'https://i.ibb.co/2Y9LPc7/2946dc4a-5905-4744-b3d1-5ecc83b76ec0.jpg');
INSERT INTO product_product VALUES(8,'chompas de lana de llama',90,'para  abrigarte en temporada de frio, es caliente y super suave',4,1,'https://i.ibb.co/PDffJtj/e1724e4f-7f2a-45fb-89e2-5ddfcfa31976.jpg');
INSERT INTO product_product VALUES(9,'sombrero turista',20,'sombrero de turiste tejido',2,1,'https://i.ibb.co/pb6x5xC/ab72b605-a444-4283-91cb-be106b51ea4e.jpg');
INSERT INTO product_product VALUES(10,'llaveritos altiplanicos',5,'este es un accesoria que conbinara con en los cierres de tu mochila y como tambien puede ser un llavero.',5,1,'https://i.ibb.co/qNvJmbJ/ff4d3ec8-277e-4cd0-bb9d-5edc407e3366.jpg');
INSERT INTO product_product VALUES(11,'Chompa de lana',110,'3 modelos de diseño te chompas de alpaca',4,1,'https://i.ibb.co/VN5fxvj/e47d87c0-fdec-4b14-a96f-a572d02c47e9.jpg');
DELETE FROM sqlite_sequence;
INSERT INTO sqlite_sequence VALUES('django_migrations',21);
INSERT INTO sqlite_sequence VALUES('django_admin_log',21);
INSERT INTO sqlite_sequence VALUES('django_content_type',9);
INSERT INTO sqlite_sequence VALUES('auth_permission',36);
INSERT INTO sqlite_sequence VALUES('auth_group',0);
INSERT INTO sqlite_sequence VALUES('auth_user',1);
INSERT INTO sqlite_sequence VALUES('user_user',2);
INSERT INTO sqlite_sequence VALUES('product_category',5);
INSERT INTO sqlite_sequence VALUES('product_product',11);
CREATE UNIQUE INDEX "auth_group_permissions_group_id_permission_id_0cd325b0_uniq" ON "auth_group_permissions" ("group_id", "permission_id");
CREATE INDEX "auth_group_permissions_group_id_b120cbf9" ON "auth_group_permissions" ("group_id");
CREATE INDEX "auth_group_permissions_permission_id_84c5c92e" ON "auth_group_permissions" ("permission_id");
CREATE UNIQUE INDEX "auth_user_groups_user_id_group_id_94350c0c_uniq" ON "auth_user_groups" ("user_id", "group_id");
CREATE INDEX "auth_user_groups_user_id_6a12ed8b" ON "auth_user_groups" ("user_id");
CREATE INDEX "auth_user_groups_group_id_97559544" ON "auth_user_groups" ("group_id");
CREATE UNIQUE INDEX "auth_user_user_permissions_user_id_permission_id_14a6b632_uniq" ON "auth_user_user_permissions" ("user_id", "permission_id");
CREATE INDEX "auth_user_user_permissions_user_id_a95ead1b" ON "auth_user_user_permissions" ("user_id");
CREATE INDEX "auth_user_user_permissions_permission_id_1fbb5f2c" ON "auth_user_user_permissions" ("permission_id");
CREATE INDEX "django_admin_log_content_type_id_c4bce8eb" ON "django_admin_log" ("content_type_id");
CREATE INDEX "django_admin_log_user_id_c564eba6" ON "django_admin_log" ("user_id");
CREATE UNIQUE INDEX "django_content_type_app_label_model_76bd3d3b_uniq" ON "django_content_type" ("app_label", "model");
CREATE UNIQUE INDEX "auth_permission_content_type_id_codename_01ab375a_uniq" ON "auth_permission" ("content_type_id", "codename");
CREATE INDEX "auth_permission_content_type_id_2f476e4b" ON "auth_permission" ("content_type_id");
CREATE INDEX "django_session_expire_date_a5c62663" ON "django_session" ("expire_date");
CREATE INDEX "product_product_Category_id_bde4ff97" ON "product_product" ("Category_id");
CREATE INDEX "product_product_proveedor_id_id_f054311b" ON "product_product" ("proveedor_id_id");
COMMIT;
